congress,statabb,district,name,party,aauw,age,srvlng,woman,ngirls,nboys,demvote
105,HI,1,"ABERCROMBIE, NEIL",1,100,58,7,0,0,0,.56999999
105,NY,5,"ACKERMAN, GARY L.",1,88,54,15,0,1,2,.60000002
105,AL,4,"ADERHOLT, ROBERT B.",2,0,31,1,0,0,0,.43000001
105,ME,1,"ALLEN, THOMAS H.",1,100,51,1,0,2,0,.51999998
105,NJ,1,"ANDREWS, ROBERT E.",1,100,39,7,0,2,0,.58999997
105,TX,7,"ARCHER, W.R.",2,0,68,27,0,3,4,.28
105,TX,26,"ARMEY, RICHARD K.",2,0,56,13,0,1,4,.30000001
105,AL,6,"BACHUS, SPENCER",2,0,49,5,0,2,3,.27000001
105,KY,6,"BAESLER, SCOTTY",1,75,55,5,0,1,1,.46000001
105,LA,6,"BAKER, RICHARD H.",2,0,48,11,0,1,1,.5
105,ME,2,"BALDACCI, JOHN E.",1,100,41,3,0,0,1,.50999999
105,NC,10,"BALLENGER, CASS",2,0,70,11,0,3,0,.31
105,MI,5,"BARCIA, JAMES A.",1,63,44,5,0,0,0,.56999999
105,GA,7,"BARR, BOB",2,0,48,3,0,1,3,.40000001
105,WI,5,"BARRETT, THOMAS M.",1,88,43,5,0,1,1,.63
105,NE,3,"BARRETT, WILLIAM E.",2,38,67,7,0,2,2,.28999999
105,MD,6,"BARTLETT, ROSCOE G.",2,0,70,5,0,4,6,.38
105,TX,6,"BARTON, JOE L.",2,0,47,13,0,2,1,.33000001
105,NH,2,"BASS, CHARLES F.",2,25,45,3,0,1,1,.5
105,VA,1,"BATEMAN, HERBERT H.",2,13,68,15,0,1,1,.40000001
105,CA,30,"BECERRA, XAVIER",1,100,38,5,0,2,0,.70999998
105,TX,25,"BENTSEN, KENNETH",1,100,37,3,0,2,0,.50999999
105,NE,1,"BEREUTER, DOUGLAS K.",2,13,57,19,0,0,2,.38
105,CA,26,"BERMAN, HOWARD L.",1,100,55,15,0,2,0,.64999998
105,AR,1,"BERRY, ROBERT M.",1,63,54,1,0,1,1,.57999998
105,CA,49,"BILBRAY, BRIAN P.",2,25,45,3,0,3,2,.49000001
105,FL,9,"BILIRAKIS, MICHAEL",2,0,66,15,0,0,2,.44
105,GA,2,"BISHOP, SANFORD D., JR.",1,88,49,5,0,0,0,.49000001
105,IL,5,"BLAGOJEVICH, ROD R.",1,100,40,1,0,1,0,.63
105,VA,7,"BLILEY, THOMAS J.",2,0,64,17,0,1,1,.34999999
105,OR,3,"BLUMENAUER, EARL",1,100,48,1,0,1,1,.57999998
105,MO,7,"BLUNT, ROY",2,13,47,1,0,1,2,.37
105,NY,23,"BOEHLERT, SHERWOOD L.",2,88,60,15,0,3,1,.46000001
105,OH,8,"BOEHNER, JOHN A.",2,0,47,7,0,2,0,.37
105,TX,23,"BONILLA, HENRY",2,13,43,5,0,1,1,.5
105,MI,10,"BONIOR, DAVID E.",1,75,51,21,0,1,2,.49000001
105,CA,44,"BONO, SONNY",2,0,61,3,0,3,1,.44
105,PA,3,"BORSKI, ROBERT A., JR.",1,63,48,15,0,4,1,.61000001
105,IA,3,"BOSWELL, LEONARD L.",1,88,63,1,0,2,1,.5
105,VA,9,"BOUCHER, FREDERICK C.",1,88,50,15,0,0,0,.46000001
105,FL,2,"BOYD, F. ALLEN, JR.",1,75,51,1,0,1,2,.47
105,TX,8,"BRADY, KEVIN",2,0,41,1,0,0,0,.27000001
105,FL,3,"BROWN, CORRINE",1,100,50,5,1,1,0,.57999998
105,CA,42,"BROWN, GEORGE E., JR.",1,100,76,33,0,0,6,.52999997
105,OH,13,"BROWN, SHERROD",1,100,44,5,0,2,0,.46000001
105,TN,7,"BRYANT, EDWARD G.",2,0,48,3,0,0,3,.41
105,KY,4,"BUNNING, JIM",2,0,65,11,0,5,4,.41
105,NC,5,"BURR, RICHARD M.",2,25,41,3,0,0,2,.41
105,IN,6,"BURTON, DANNY L.",2,0,58,15,0,2,1,.28
105,IN,5,"BUYER, STEVE",2,13,38,5,0,1,1,.37
105,AL,1,"CALLAHAN, HERBERT L. (SONNY)",1,0,64,13,0,1,4,.38999999
105,CA,43,"CALVERT, KEN",2,0,43,5,0,0,0,.43000001
105,MI,4,"CAMP, DAVID LEE",2,0,43,7,0,0,1,.47
105,CA,15,"CAMPBELL, TOM",2,38,44,9,0,0,0,.52999997
105,FL,12,"CANADY, CHARLES T.",2,0,42,5,0,0,0,.43000001
105,UT,3,"CANNON, CHRISTOPHER B.",2,13,46,1,0,5,2,.28999999
105,CA,22,"CAPPS, WALTER",1,100,62,1,0,2,1,.44
105,MD,3,"CARDIN, BENJAMIN L.",1,100,53,11,0,1,1,.57999998
105,IN,10,"CARSON, JULIA M.",1,88,58,1,1,1,1,.54000002
105,DE,1,"CASTLE, MICHAEL N.",2,63,57,5,0,0,0,.51999998
105,OH,1,"CHABOT, STEVEN",2,0,43,3,0,1,1,.5
105,GA,8,"CHAMBLISS, C. SAXBY",2,0,53,3,0,1,1,.47
105,ID,1,"CHENOWETH, HELEN P.",2,0,58,3,1,1,1,.34999999
105,NE,2,"CHRISTENSEN, JON LYNN",2,0,33,3,0,0,0,.38
105,MO,1,"CLAY, WILLIAM",1,100,65,29,0,2,1,.74000001
105,NC,1,"CLAYTON, EVA",1,100,62,5,1,1,3,.63
105,TN,5,"CLEMENT, ROBERT N.",1,75,53,10,0,2,2,.55000001
105,SC,6,"CLYBURN, JAMES E.",1,100,56,5,0,3,0,.64999998
105,NC,6,"COBLE, HOWARD",2,0,65,13,0,0,0,.33000001
105,OK,2,"COBURN, THOMAS A.",2,0,48,3,0,3,0,.47
105,GA,3,"COLLINS, MICHAEL A. (MAC)",2,13,52,5,0,2,2,.41999999
105,TX,19,"COMBEST, LARRY E.",2,0,51,13,0,1,1,.25999999
105,CA,18,"CONDIT, GARY A.",1,63,48,8,0,1,1,.46000001
105,MI,14,"CONYERS, JOHN, JR.",1,100,67,33,0,0,2,.86000001
105,UT,2,"COOK, MERRILL A.",2,0,50,1,0,3,2,.41
105,LA,5,"COOKSEY, JOHN CHARLES",2,13,55,1,0,3,0,.47999999
105,IL,12,"COSTELLO, JERRY F.",1,63,47,9,0,1,2,.56
105,CA,47,"COX, C. CHRISTOPHER",2,0,44,9,0,1,1,.36000001
105,PA,14,"COYNE, WILLIAM J.",1,100,60,17,0,0,0,.58999997
105,AL,5,"CRAMER, BUD",2,63,49,7,0,1,0,.43000001
105,IL,8,"CRANE, PHILIP M.",2,0,66,29,0,7,1,.41
105,ID,2,"CRAPO, MICHAEL D.",2,0,45,5,0,3,2,.31999999
105,WY,1,"CUBIN, BARBARA",2,0,50,3,1,0,2,.5
105,MD,7,"CUMMINGS, ELIJAH E.",1,100,45,1,0,1,0,.81
105,CA,51,"CUNNINGHAM, RANDY (DUKE)",2,0,55,7,0,2,1,.38
105,MO,6,"DANNER, PAT",1,63,63,5,1,2,2,.46000001
105,IL,7,"DAVIS, DANNY K.",1,100,55,1,0,0,2,.81999999
105,FL,11,"DAVIS, JIM",1,88,39,1,0,0,2,.51999998
105,VA,11,"DAVIS, THOMAS M.",2,63,48,3,0,2,1,.47999999
105,GA,9,"DEAL, NATHAN",2,0,54,5,0,3,1,.34999999
105,OR,4,"DEFAZIO, PETER A.",1,100,49,11,0,0,0,.44999999
105,CO,1,"DEGETTE, DIANA L.",1,100,39,1,1,2,0,.61000001
105,MA,10,"DELAHUNT, WILLIAM D.",1,100,55,1,0,2,0,.56
105,CT,3,"DELAURO, ROSA L.",1,100,53,7,1,2,1,.56999999
105,TX,22,"DELAY, THOMAS D.",2,0,49,13,0,1,0,.38
105,CA,9,"DELLUMS, RONALD V.",1,100,61,27,0,2,1,.75
105,FL,20,"DEUTSCH, PETER",1,100,39,5,0,1,1,.58999997
105,FL,21,"DIAZ-BALART, LINCOLN",2,25,42,5,0,0,2,.44999999
105,AR,4,"DICKEY, JAY",2,13,57,5,0,2,2,.60000002
105,WA,6,"DICKS, NORMAN",1,100,56,21,0,0,2,.5
105,MI,16,"DINGELL, JOHN DAVID, JR.",1,63,70,42,0,2,2,.54000002
105,CA,32,"DIXON, JULIAN CAREY",1,100,62,19,0,0,1,.81
105,TX,10,"DOGGETT, LLOYD",1,100,50,3,0,2,0,.54000002
105,CA,20,"DOOLEY, CALVIN",1,100,43,7,0,2,0,.51999998
105,CA,4,"DOOLITTLE, JOHN T.",2,0,46,7,0,1,1,.38
105,PA,18,"DOYLE, MICHAEL F.",1,50,43,3,0,1,3,.51999998
105,CA,28,"DREIER, DAVID",2,0,44,17,0,0,0,.44999999
105,TN,2,"DUNCAN, JOHN J., JR.",2,0,49,9,0,2,2,.41999999
105,WA,8,"DUNN, JENNIFER",2,0,55,5,1,0,2,.47
105,TX,11,"EDWARDS, CHET",1,100,45,7,0,0,1,.41999999
105,MI,3,"EHLERS, VERNON J.",2,25,53,3,0,2,2,.38999999
105,MD,2,"EHRLICH, ROBERT L., JR.",2,25,49,3,0,0,0,.40000001
105,MO,8,"EMERSON, JOANN",2,0,46,1,1,4,0,.44999999
105,NY,17,"ENGEL, ELIOT L.",1,100,49,9,0,1,2,.85000002
105,PA,21,"ENGLISH, PHILIP S.",2,38,40,3,0,0,0,.49000001
105,NV,1,"ENSIGN, JOHN E.",2,25,38,3,0,1,1,.50999999
105,CA,14,"ESHOO, ANNA G.",1,100,54,5,1,1,1,.57999998
105,NC,2,"ETHERIDGE, BOBBY R.",1,88,55,1,0,1,2,.41999999
105,IL,17,"EVANS, LANE",1,100,45,15,0,0,0,.50999999
105,AL,2,"EVERETT, TERRY",2,0,59,5,0,0,0,.37
105,IL,15,"EWING, THOMAS W.",2,0,61,5,0,4,2,.44999999
105,CA,17,"FARR, SAM",1,100,55,5,0,1,0,.55000001
105,PA,2,"FATTAH, CHAKA",1,88,40,3,0,2,1,.86000001
105,IL,13,"FAWELL, HARRIS W.",2,38,67,13,0,1,2,.41
105,CA,3,"FAZIO, VICTOR HERBERT",1,100,54,19,0,3,1,.44999999
105,CA,50,"FILNER, BOB",1,100,54,5,0,1,1,.60000002
105,NY,6,"FLAKE, FLOYD H.",1,40,51,11,0,2,2,.85000002
105,PA,1,"FOGLIETTA, THOMAS M.",1,60,68,17,0,0,0,.82999998
105,FL,16,"FOLEY, MARK",2,13,42,3,0,0,0,.47
105,NY,1,"FORBES, MICHAEL P.",2,25,44,3,0,1,1,.50999999
105,TN,9,"FORD, HAROLD, JR.",1,100,26,1,0,0,0,.70999998
105,FL,4,"FOWLER, TILLIE",2,13,54,5,1,2,0,.36000001
105,PA,13,"FOX, JON D.",2,25,49,3,0,0,0,.5
105,MA,4,"FRANK, BARNEY",1,100,56,17,0,0,0,.63999999
105,NJ,7,"FRANKS, ROBERT",2,25,45,5,0,0,0,.50999999
105,NJ,11,"FRELINGHUYSEN, RODNEY",2,38,50,3,0,2,0,.41999999
105,TX,24,"FROST, JONAS MARTIN, III",1,88,55,19,0,3,0,.54000002
105,OR,1,"FURSE, ELIZABETH",1,100,60,5,1,1,1,.5
105,CA,23,"GALLEGLY, ELTON",2,0,52,11,0,1,3,.44999999
105,IA,4,"GANSKE, JOHN G.",2,13,47,3,0,2,1,.49000001
105,CT,2,"GEJDENSON, SAMUEL",1,100,48,17,0,1,1,.52999997
105,PA,17,"GEKAS, GEORGE W.",2,0,66,15,0,0,0,.37
105,MO,3,"GEPHARDT, RICHARD",1,88,55,20,0,2,1,.47999999
105,NV,2,"GIBBONS, JAMES A.",2,25,52,1,0,1,2,.38999999
105,MD,1,"GILCHREST, WAYNE T.",2,50,50,7,0,1,2,.43000001
105,OH,5,"GILLMOR, PAUL E.",2,0,57,9,0,2,3,.41999999
105,NY,20,"GILMAN, BENJAMIN",2,88,74,25,0,1,2,.54000002
105,GA,6,"GINGRICH, NEWTON LEROY",2,0,53,19,0,2,0,.33000001
105,TX,20,"GONZALEZ, HENRY B.",1,13,80,36,0,4,4,.60000002
105,VA,5,"GOODE, VIRGIL H., JR.",1,38,50,1,0,1,0,.43000001
105,VA,6,"GOODLATTE, ROBERT W.",2,13,44,5,0,1,1,.41
105,PA,19,"GOODLING, WILLIAM",2,0,69,23,0,1,1,.51999998
105,TN,6,"GORDON, BART J.",1,75,47,13,0,0,0,.44999999
105,FL,14,"GOSS, PORTER J.",2,0,58,9,0,1,3,.38
105,SC,3,"GRAHAM, LINDSEY",2,0,41,3,0,0,0,.38999999
105,TX,12,"GRANGER, KAY",2,13,53,1,1,1,2,.46000001
105,TX,29,"GREEN, GENE",1,100,49,5,0,1,1,.61000001
105,PA,8,"GREENWOOD, JIM",2,38,45,5,0,2,2,.44999999
105,IL,4,"GUTIERREZ, LUIS V.",1,100,43,5,0,2,0,.80000001
105,MN,1,"GUTKNECHT, GILBERT",2,0,45,3,0,2,1,.47999999
105,TX,4,"HALL, RALPH M.",1,13,73,17,0,0,3,.34999999
105,OH,3,"HALL, TONY PATRICK",1,50,54,19,0,1,0,.5
105,IN,9,"HAMILTON, LEE H.",1,63,65,33,0,2,1,.44
105,UT,1,"HANSEN, JAMES V.",2,0,64,17,0,2,3,.28999999
105,CA,36,"HARMAN, JANE",1,100,51,5,1,2,2,.47
105,IL,14,"HASTERT, DENNIS J.",2,0,55,11,0,0,2,.41
105,FL,23,"HASTINGS, ALCEE L.",1,88,60,5,0,2,1,.74000001
105,WA,4,"HASTINGS, RICHARD",2,0,55,3,0,2,1,.40000001
105,AZ,6,"HAYWORTH, J.D.",2,0,38,3,0,2,1,.47
105,CO,5,"HEFLEY, JOEL M.",2,0,61,11,0,3,0,.33000001
105,NC,8,"HEFNER, W.G. (BILL)",1,88,66,23,0,2,0,.43000001
105,CA,2,"HERGER, WALTER",2,0,51,11,0,3,5,.36000001
105,MT,1,"HILL, RICK",2,0,50,1,0,0,3,.41
105,TN,4,"HILLEARY, WILLIAM",2,0,37,3,0,0,0,.46000001
105,AL,7,"HILLIARD, EARL F.",1,100,54,5,0,1,1,.75
105,NY,26,"HINCHEY, MAURICE D.",1,100,58,5,0,1,2,.50999999
105,TX,15,"HINOJOSA, RUBEN E.",1,88,56,1,0,4,1,.60000002
105,OH,7,"HOBSON, DAVID L.",2,25,60,7,0,2,1,.41
105,MI,2,"HOEKSTRA, PETER",2,0,43,5,0,2,1,.41
105,PA,6,"HOLDEN, TIM",1,50,39,5,0,0,0,.41999999
105,OR,5,"HOOLEY, DARLENE KAY",1,100,57,1,1,1,1,.47
105,CA,38,"HORN, STEVE",2,63,65,5,0,1,1,.52999997
105,IN,8,"HOSTETTLER, JOHN",2,0,45,3,0,2,2,.43000001
105,NY,31,"HOUGHTON, AMORY, JR.",2,75,70,11,0,0,0,.44
105,MD,5,"HOYER, STENY H.",1,100,57,17,0,3,0,.50999999
105,MO,9,"HULSHOF, KENNY",2,0,38,1,0,0,0,.44
105,CA,52,"HUNTER, DUNCAN L.",2,0,48,17,0,0,2,.41
105,AR,3,"HUTCHINSON, ASA",2,13,46,1,0,1,3,.44
105,IL,6,"HYDE, HENRY JOHN",2,0,72,23,0,1,3,.41999999
105,SC,4,"INGLIS, ROBERT",2,0,37,5,0,3,1,.37
105,OK,5,"ISTOOK, ERNEST JIM",2,0,46,5,0,3,2,.31
105,IL,2,"JACKSON, JESSE L., JR.",1,100,31,3,0,0,0,.85000002
105,LA,2,"JEFFERSON, WILLIAM J.",1,75,49,7,0,5,0,.77999997
105,TN,1,"JENKINS, WILLIAM L.",2,13,60,1,0,2,2,.37
105,LA,7,"JOHN, CHRIS",1,50,37,1,0,0,0,.54000002
105,TX,30,"JOHNSON, EDDIE BERNICE",1,100,61,5,1,0,1,.69999999
105,WI,8,"JOHNSON, JAY W.",1,88,53,1,0,0,0,.46000001
105,CT,6,"JOHNSON, NANCY L.",2,100,62,15,1,3,0,.5
105,TX,3,"JOHNSON, SAM R.",2,0,66,7,0,2,1,.31999999
105,NC,3,"JONES, WALTER B., JR.",2,0,53,3,0,1,0,.40000001
105,PA,11,"KANJORSKI, PAUL E.",1,63,59,13,0,1,0,.47999999
105,OH,9,"KAPTUR, MARCIA",1,75,50,15,1,0,0,.55000001
105,OH,12,"KASICH, JOHN R.",2,0,44,15,0,0,0,.47
105,NY,19,"KELLY, SUE",2,50,60,3,1,1,3,.47999999
105,MA,8,"KENNEDY, JOSEPH P., II",1,100,44,11,0,0,2,.76999998
105,RI,1,"KENNEDY, PATRICK J.",1,75,29,3,0,0,0,.61000001
105,CT,1,"KENNELLY, BARBARA B.",1,100,60,16,1,3,1,.58999997
105,MI,9,"KILDEE, DALE E.",1,63,67,21,0,1,2,.46000001
105,MI,15,"KILPATRICK, CAROLYN C.",1,100,51,1,1,1,1,.87
105,CA,41,"KIM, JAY C.",2,13,57,5,0,1,2,.43000001
105,WI,3,"KIND, RONALD JAMES",1,88,33,1,0,0,1,.5
105,NY,3,"KING, PETER T.",2,13,52,5,0,1,1,.52999997
105,GA,1,"KINGSTON, JOHN (JACK)",2,0,41,5,0,2,2,.44999999
105,WI,4,"KLECZKA, GERALD",1,63,53,14,0,0,0,.49000001
105,PA,4,"KLINK, RON",1,63,45,5,0,1,1,.47
105,WI,2,"KLUG, SCOTT L.",2,50,43,7,0,0,3,.55000001
105,MI,11,"KNOLLENBERG, JOSEPH",2,0,63,5,0,0,2,.46000001
105,AZ,5,"KOLBE, JIM",2,38,54,13,0,0,0,.47
105,OH,10,"KUCINICH, DENNIS J.",1,63,50,1,0,1,0,.50999999
105,NY,29,"LAFALCE, JOHN",1,50,57,23,0,0,1,.50999999
105,IL,18,"LAHOOD, RAY",2,38,51,3,0,2,2,.44
105,TX,9,"LAMPSON, NICHOLAS U.",1,88,51,1,0,2,0,.47999999
105,CA,12,"LANTOS, TOM",1,100,68,17,0,2,0,.69999999
105,OK,1,"LARGENT, STEPHEN",2,13,42,3,0,1,3,.37
105,IA,5,"LATHAM, TOM",2,0,48,3,0,2,1,.44
105,OH,19,"LATOURETTE, STEVEN C.",2,25,42,3,0,3,1,.47999999
105,NY,2,"LAZIO, RICK A.",2,50,38,5,0,2,0,.54000002
105,IA,1,"LEACH, JAMES",2,75,54,21,0,1,1,.54000002
105,TX,18,"LEE, SHEILA JACKSON",1,100,47,3,1,1,1,.73000002
105,MI,12,"LEVIN, SANDER M.",1,100,65,15,0,2,2,.51999998
105,CA,40,"LEWIS, JERRY",2,13,62,19,0,2,5,.38
105,GA,5,"LEWIS, JOHN",1,100,56,11,0,0,1,.74000001
105,KY,2,"LEWIS, RON",2,0,50,3,0,1,1,.49000001
105,GA,11,"LINDER, JOHN",2,0,54,5,0,1,1,.37
105,IL,3,"LIPINSKI, WILLIAM O.",1,25,59,15,0,1,1,.52999997
105,LA,1,"LIVINGSTON, ROBERT L.",2,0,53,21,0,1,3,.37
105,NJ,2,"LOBIONDO, FRANK",2,25,50,3,0,2,0,.5
105,CA,16,"LOFGREN, ZOE",1,100,49,3,1,1,1,.61000001
105,NY,18,"LOWEY, NITA M.",1,100,59,9,1,2,1,.57999998
105,OK,6,"LUCAS, FRANK D.",2,0,37,3,0,2,1,.41
105,MN,6,"LUTHER, WILLIAM",1,100,51,3,0,1,1,.50999999
105,NY,14,"MALONEY, CAROLYN B.",1,100,48,5,0,2,0,.69999999
105,CT,5,"MALONEY, JAMES H.",1,88,48,1,0,3,0,.47999999
105,NY,7,"MANTON, THOMAS J.",1,63,64,13,0,2,2,.68000001
105,IL,16,"MANZULLO, DONALD",2,0,52,5,0,2,1,.41999999
105,MA,7,"MARKEY, EDWARD J.",1,88,50,21,0,0,0,.63999999
105,CA,31,"MARTINEZ, MATTHEW G. (MARTY)",1,88,67,16,0,3,2,.64999998
105,PA,20,"MASCARA, FRANK R.",1,63,66,3,0,1,3,.5
105,CA,5,"MATSUI, ROBERT TAKEO",1,88,55,19,0,0,1,.56999999
105,NY,4,"MCCARTHY, CAROLYN",1,100,53,1,1,0,1,.56
105,MO,5,"MCCARTHY, KAREN",1,100,49,3,1,0,0,.57999998
105,FL,8,"MCCOLLUM, BILL",2,0,52,17,0,0,3,.44
105,LA,4,"MCCRERY, JAMES O.",2,0,47,10,0,0,2,.51999998
105,PA,10,"MCDADE, JOSEPH M.",2,38,65,35,0,2,3,.44999999
105,WA,7,"MCDERMOTT, JIM",1,100,60,9,0,1,1,.67000002
105,MA,3,"MCGOVERN, JAMES P.",1,100,37,1,0,0,0,.60000002
105,PA,15,"MCHALE, PAUL",1,75,46,5,0,1,2,.46000001
105,NY,24,"MCHUGH, JOHN M.",2,38,48,5,0,0,0,.49000001
105,CO,3,"MCINNIS, SCOTT",2,0,43,5,0,2,1,.43000001
105,IN,2,"MCINTOSH, DAVID M.",2,0,38,3,0,1,0,.41999999
105,NC,7,"MCINTYRE, MIKE",1,50,40,1,0,0,2,.44
105,CA,25,"MCKEON, HOWARD P. (BUCK)",2,0,58,5,0,3,3,.41
105,GA,4,"MCKINNEY, CYNTHIA ANN",1,100,41,5,1,0,1,.63999999
105,NY,21,"MCNULTY, MICHAEL R.",1,50,49,9,0,4,0,.56999999
105,MA,5,"MEEHAN, MARTIN T.",1,100,40,5,0,0,0,.57999998
105,FL,17,"MEEK, CARRIE P.",1,100,70,5,1,2,1,.85000002
105,NJ,13,"MENENDEZ, ROBERT",1,88,43,5,0,1,1,.70999998
105,WA,2,"METCALF, JACK",2,0,69,3,0,4,0,.47
105,FL,7,"MICA, JOHN L.",2,0,53,5,0,1,1,.43000001
105,CA,37,"MILLENDER-MCDONALD, JUANITA",1,100,58,1,1,3,1,.81
105,FL,13,"MILLER, DAN",2,13,54,5,0,1,1,.43000001
105,CA,7,"MILLER, GEORGE",1,100,51,23,0,0,2,.64999998
105,MN,2,"MINGE, DAVID",1,88,54,5,0,0,2,.44999999
105,HI,2,"MINK, PATSY T.",1,100,69,17,1,1,0,.56999999
105,MA,9,"MOAKLEY, JOHN",1,75,69,25,0,0,0,.62
105,NY,13,"MOLINARI, SUSAN",2,0,38,8,0,1,0,.50999999
105,WV,1,"MOLLOHAN, ALAN B.",1,50,53,15,0,1,4,.49000001
105,VA,8,"MORAN, JAMES P., JR.",1,75,51,7,0,2,3,.55000001
105,KS,1,"MORAN, JERRY",2,25,42,1,0,2,0,.28
105,MD,8,"MORELLA, CONSTANCE A.",2,100,65,11,1,1,2,.56999999
105,PA,12,"MURTHA, JOHN P.",1,63,65,24,0,1,2,.46000001
105,NC,9,"MYRICK, SUE",2,13,55,3,1,3,2,.38
105,NY,8,"NADLER, JERROLD",1,88,49,5,0,0,1,.76999998
105,MA,2,"NEAL, RICHARD E.",1,75,47,9,0,1,3,.61000001
105,WA,5,"NETHERCUTT, GEORGE R.",2,0,52,3,0,1,1,.44
105,WI,1,"NEUMANN, MARK W.",2,0,42,3,0,1,2,.5
105,OH,18,"NEY, ROBERT WILLIAM (BOB)",2,25,42,3,0,1,1,.47
105,KY,3,"NORTHUP, ANNE MEAGHER",2,0,48,1,0,2,4,.52999997
105,GA,10,"NORWOOD, CHARLES",2,0,55,3,0,0,2,.47999999
105,IA,2,"NUSSLE, JIM",2,13,36,7,0,1,1,.52999997
105,MN,8,"OBERSTAR, JAMES L.",1,63,62,23,0,4,2,.52999997
105,WI,7,"OBEY, DAVID R.",1,88,58,29,0,0,2,.49000001
105,MA,1,"OLVER, JOHN W.",1,100,60,7,0,1,0,.61000001
105,TX,27,"ORTIZ, SOLOMON",1,63,58,15,0,1,1,.56999999
105,NY,11,"OWENS, MAJOR ROBERT ODELL",1,100,60,15,0,1,4,.89999998
105,OH,4,"OXLEY, MICHAEL G.",2,0,52,17,0,0,1,.37
105,CA,48,"PACKARD, RONALD C.",2,0,65,15,0,4,3,.34
105,NJ,6,"PALLONE, FRANK, JR.",1,100,45,9,0,1,1,.54000002
105,NJ,12,"PAPPAS, MICHAEL",2,0,36,1,0,,,.47999999
105,MS,4,"PARKER, MIKE",2,0,47,9,0,1,2,.46000001
105,NJ,8,"PASCRELL, WILLIAM J.",1,88,59,1,0,0,3,.57999998
105,AZ,2,"PASTOR, ED",1,100,53,5,0,2,0,.63
105,TX,14,"PAUL, RON E.",2,13,61,1,0,3,2,.41999999
105,NY,27,"PAXON, L. WILLIAM",2,0,42,9,0,1,0,.43000001
105,NJ,10,"PAYNE, DONALD M.",1,100,62,9,0,2,1,.81999999
105,IN,7,"PEASE, EDWARD A.",2,0,45,1,0,0,0,.34999999
105,CA,8,"PELOSI, NANCY",1,100,56,11,1,4,1,.66000003
105,MN,7,"PETERSON, COLLIN C.",1,63,52,7,0,0,3,.44999999
105,PA,5,"PETERSON, JOHN E.",2,0,58,1,0,0,1,.40000001
105,WI,6,"PETRI, THOMAS EVERT",2,13,56,19,0,1,0,.44999999
105,MS,3,"PICKERING, CHARLES W., JR.",2,0,33,1,0,0,4,.36000001
105,VA,2,"PICKETT, OWEN B.",1,100,66,11,0,3,0,.44
105,PA,16,"PITTS, JOSEPH R.",2,0,57,1,0,2,1,.37
105,CA,11,"POMBO, RICHARD W.",2,0,36,5,0,2,1,.46000001
105,ND,1,"POMEROY, EARL R.",1,88,44,5,0,1,1,.40000001
105,IL,10,"PORTER, JOHN EDWARD",2,25,61,18,0,3,2,.5
105,OH,2,"PORTMAN, ROBERT J.",2,0,41,5,0,1,2,.34
105,IL,19,"POSHARD, GLENN",1,63,51,9,0,1,1,.47
105,NC,4,"PRICE, DAVID E.",1,100,56,11,0,1,1,.49000001
105,OH,15,"PRYCE, DEBORAH",2,25,45,5,1,1,1,.44
105,NY,30,"QUINN, JACK",2,38,45,5,0,1,1,.56999999
105,CA,19,"RADANOVICH, GEORGE",2,0,41,3,0,0,0,.40000001
105,WV,3,"RAHALL, NICK JOE",1,63,47,21,0,2,1,.57999998
105,MN,3,"RAMSTAD, JIM",2,38,50,7,0,0,0,.47
105,NY,15,"RANGEL, CHARLES",1,88,66,27,0,1,1,.91000003
105,NM,3,"REDMOND, WILLIAM T.",2,14,41,1,0,1,1,.51999998
105,OH,16,"REGULA, RALPH S.",2,25,72,25,0,1,2,.43000001
105,TX,16,"REYES, SILVESTRE",1,88,52,1,0,2,1,.63
105,CA,1,"RIGGS, FRANK DU",2,0,46,7,0,1,2,.47999999
105,AL,3,"RILEY, ROBERT R.",2,0,52,1,0,3,1,.44
105,MI,13,"RIVERS, LYNN N.",1,100,40,3,1,2,0,.57999998
105,TX,28,"RODRIGUEZ, CIRO D.",1,100,50,1,0,1,0,.63
105,IN,3,"ROEMER, TIM",1,63,40,7,0,1,2,.43000001
105,CA,27,"ROGAN, JAMES E.",2,0,39,1,0,2,0,.49000001
105,KY,5,"ROGERS, HAROLD D.",2,0,59,17,0,1,2,.47
105,CA,45,"ROHRABACHER, DANA",2,0,49,9,0,0,0,.38
105,FL,18,"ROS-LEHTINEN, ILEANA",2,13,44,8,1,2,0,.43000001
105,NJ,9,"ROTHMAN, STEVEN R.",1,100,44,1,0,1,1,.60000002
105,NJ,5,"ROUKEMA, MARGARET S.",2,38,67,17,1,1,1,.41999999
105,CA,33,"ROYBAL-ALLARD, LUCILLE",1,100,55,5,1,2,2,.80000001
105,CA,39,"ROYCE, EDWARD R.",2,0,45,5,0,0,0,.41
105,IL,1,"RUSH, BOBBY L.",1,100,50,5,0,1,4,.85000002
105,KS,2,"RYUN, JAMES R.",2,0,49,1,0,2,2,.38999999
105,MN,5,"SABO, MARTIN OLAV",1,100,58,19,0,2,0,.62
105,AZ,1,"SALMON, MATTHEW",2,0,38,3,0,2,2,.44999999
105,CA,46,"SANCHEZ, LORETTA",1,100,37,1,1,0,0,.49000001
105,VT,1,"SANDERS, BERNARD",3,100,55,7,0,2,2,.52999997
105,TX,1,"SANDLIN, MAX A., JR.",1,88,44,1,0,2,2,.44999999
105,SC,1,"SANFORD, MARSHALL",2,13,36,3,0,0,3,.38
105,OH,14,"SAWYER, THOMAS C. (TOM)",1,100,51,11,0,1,0,.52999997
105,NJ,3,"SAXTON, H. JAMES",2,25,53,13,0,1,1,.5
105,FL,1,"SCARBOROUGH, JOE",2,0,33,3,0,0,2,.31
105,CO,6,"SCHAEFER, DANIEL",2,0,60,15,0,1,3,.43000001
105,CO,4,"SCHAFER, ROBERT W. (BOB)",2,0,34,1,0,3,1,.41
105,NM,1,"SCHIFF, STEVEN H.",2,0,49,9,0,1,1,.47999999
105,NY,9,"SCHUMER, CHARLES E.",1,100,46,17,0,2,0,.66000003
105,VA,3,"SCOTT, ROBERT C.",1,100,49,5,0,0,0,.72000003
105,WI,9,"SENSENBRENNER, FRANK JAMES",2,0,53,19,0,0,2,.37
105,NY,16,"SERRANO, JOSE E.",1,100,53,8,0,2,3,.94
105,TX,5,"SESSIONS, PETER",2,0,41,1,0,0,2,.46000001
105,AZ,4,"SHADEGG, JOHN B.",2,0,47,3,0,1,1,.44
105,FL,22,"SHAW, E. CLAY, JR.",2,13,57,17,0,2,2,.54000002
105,CT,4,"SHAYS, CHRISTOPHER",2,63,51,11,0,1,0,.50999999
105,CA,24,"SHERMAN, BRAD",1,100,42,1,0,0,0,.51999998
105,IL,20,"SHIMKUS, JOHN M.",2,0,38,1,0,0,2,.47
105,PA,9,"SHUSTER, E.G.",2,13,64,25,0,3,2,.36000001
105,VA,4,"SISISKY, NORMAN",1,88,69,15,0,0,4,.46000001
105,CO,2,"SKAGGS, DAVID E.",1,88,53,11,0,1,2,.49000001
105,NM,2,"SKEEN, JOSEPH R.",2,13,69,17,0,1,1,.46000001
105,MO,4,"SKELTON, IKE",1,63,65,21,0,1,2,.41
105,NY,28,"SLAUGHTER, LOUISE M.",1,75,67,11,1,3,0,.55000001
105,WA,9,"SMITH, ADAM",1,100,31,1,0,0,0,.50999999
105,NJ,4,"SMITH, CHRISTOPHER H.",2,13,43,17,0,2,2,.50999999
105,TX,21,"SMITH, LAMAR S.",2,0,49,11,0,1,1,.30000001
105,WA,3,"SMITH, LINDA",2,0,46,3,1,1,1,.49000001
105,MI,7,"SMITH, NICK H.",2,13,62,5,0,3,1,.46000001
105,OR,2,"SMITH, ROBERT F.",2,13,65,15,0,1,2,.38
105,KS,3,"SNOWBARGER, VINCENT K.",2,13,46,1,0,0,2,.41999999
105,AR,2,"SNYDER, VICTOR F.",1,100,49,1,0,0,0,.55000001
105,NY,22,"SOLOMON, GERALD B.",2,0,66,19,0,2,3,.44999999
105,IN,4,"SOUDER, MARK E.",2,25,46,3,0,1,2,.36000001
105,SC,2,"SPENCE, FLOYD",2,0,68,27,0,0,4,.41
105,SC,5,"SPRATT, JOHN M.",1,88,54,15,0,3,0,.46000001
105,MI,8,"STABENOW, DEBORAH ANN",1,88,46,1,1,1,1,.49000001
105,CA,13,"STARK, FORTNEY (PETE)",1,100,65,25,0,3,2,.62
105,FL,6,"STEARNS, CLIFFORD",2,0,55,9,0,0,3,.38999999
105,TX,17,"STENHOLM, CHARLES WALTER",1,50,58,19,0,1,2,.38999999
105,OH,11,"STOKES, LOUIS",1,100,71,29,0,3,1,.79000002
105,OH,6,"STRICKLAND, TED",1,88,55,3,0,0,0,.44
105,AZ,3,"STUMP, BOB",2,0,69,21,0,1,2,.41
105,MI,1,"STUPAK, BART",1,63,44,5,0,0,2,.47
105,NH,1,"SUNUNU, JOHN E.",2,0,32,1,0,1,1,.47999999
105,MO,2,"TALENT, JAMES M.",2,0,40,5,0,2,1,.41
105,TN,8,"TANNER, JOHN S.",1,75,52,9,0,1,1,.5
105,CA,10,"TAUSCHER, ELLEN",1,88,45,1,1,1,0,.47999999
105,LA,3,"TAUZIN, WILBERT J.",2,0,53,18,0,1,4,.50999999
105,NC,11,"TAYLOR, CHARLES H.",2,0,55,7,0,0,3,.43000001
105,MS,5,"TAYLOR, GENE",1,13,43,8,0,2,1,.34999999
105,CA,21,"THOMAS, WILLIAM MARSHALL",2,13,55,19,0,1,1,.34
105,MS,2,"THOMPSON, BENNIE",1,100,48,5,0,1,0,.62
105,TX,13,"THORNBERRY, WILLIAM M. (MAC)",2,0,38,3,0,1,1,.38999999
105,SD,1,"THUNE, JOHN R.",2,13,36,1,0,2,0,.43000001
105,FL,5,"THURMAN, KAREN L.",1,100,46,5,1,1,1,.5
105,KS,4,"TIAHRT, TODD",2,0,45,3,0,1,2,.34999999
105,MA,6,"TIERNEY, JOHN F.",1,100,45,1,0,0,0,.58999997
105,CA,34,"TORRES, ESTEBAN E.",1,100,66,15,0,4,1,.63999999
105,NY,10,"TOWNS, EDOLPHUS",1,88,62,15,0,1,1,.89999998
105,OH,17,"TRAFICANT, JAMES A., JR.",1,63,55,13,0,2,0,.57999998
105,TX,2,"TURNER, JAMES W.",1,88,50,1,0,1,1,.44999999
105,MI,6,"UPTON, FRED",2,38,43,11,0,1,1,.46000001
105,NY,12,"VELAZQUEZ, NYDIA M.",1,100,43,5,1,0,0,.85000002
105,MN,4,"VENTO, BRUCE",1,100,56,21,0,0,3,.57999998
105,IN,1,"VISCLOSKEY, PETER J.",1,75,47,13,0,0,2,.57999998
105,NY,25,"WALSH, JAMES T.",2,25,49,9,0,1,2,.50999999
105,TN,3,"WAMP, ZACH",2,0,39,3,0,1,1,.46000001
105,CA,35,"WATERS, MAXINE",1,100,58,7,1,1,1,.83999997
105,OK,3,"WATKINS, WES",2,25,58,1,0,2,1,.47
105,NC,12,"WATT, MELVIN LU",1,100,51,5,0,0,2,.69
105,OK,4,"WATTS, JULIUS C.",2,25,39,3,0,3,2,.40000001
105,CA,29,"WAXMAN, HENRY A.",1,100,57,23,0,1,1,.66000003
105,PA,7,"WELDON, CURT",2,13,49,11,0,3,2,.44999999
105,FL,15,"WELDON, DAVID J.",2,0,43,3,0,1,0,.41
105,IL,11,"WELLER, GERALD C. (JERRY)",2,0,39,3,0,0,0,.50999999
105,FL,19,"WEXLER, ROBERT",1,100,36,1,0,2,1,.64999998
105,RI,2,"WEYGAND, ROBERT A.",1,63,48,1,0,2,1,.58999997
105,WA,1,"WHITE, RICHARD",2,38,43,3,0,3,1,.50999999
105,KY,1,"WHITFIELD, EDWARD",2,0,53,3,0,1,0,.47
105,MS,1,"WICKER, ROGER F.",2,0,45,3,0,2,1,.41999999
105,WV,2,"WISE, ROBERT E.",1,100,49,15,0,1,1,.49000001
105,VA,10,"WOLF, FRANK R.",2,13,57,17,0,4,1,.38
105,CA,6,"WOOLSEY, LYNN",1,100,59,5,1,1,3,.56999999
105,MD,4,"WYNN, ALBERT R.",1,100,45,5,0,1,0,.81
105,IL,9,"YATES, SIDNEY RICHARD",1,88,87,47,0,0,1,.69
105,FL,10,"YOUNG, C.W. (BILL)",2,0,66,27,0,0,3,.50999999
105,AK,1,"YOUNG, DONALD E.",2,13,63,25,0,2,0,.33000001
